fact_key,value,found,source_line,tag
trade_receivables_fy25_lakh,"1,085.68",True,424,CD
revenue_from_operations_fy25_lakh,"1,200.62",True,457,CD
wastewater_recycled_mld,3,True,27,CD
digital_paani_collaboration,"M/s. Digital Paani for usage of IOT based solutions to reduce operation & maintenance costs and
  improve consistency.",True,2417,CD
bactreat_collaboration,Bactreat (a BITS PILANI start-up) collaboration is for BIO STP using vertical flow wetland technology.,True,2685,CD
erpnext_status,"finalized ERP Next and entered the last phase of
       implementation with the support of Implementation Partners.",True,2680,CD
subscription_model,"provides Packaged STPs which will be offered on Monthly Subscription Basis – This has just been
started and execution of 20 KLD packaged STP units for a famous restaurant has been completed.",True,2706,CD
technical_sales_locations,"Technical Sales personnel for Kolhapur, Mangalore and Belgaum",True,2667,CD
geographic_footprint,"We currently supply in Goa, North Karnataka
 (Belgaum, Hubli & Dharward) and United Arab Emirates (UAE).",True,2556,CD
